{
  "labels": [
    "2",
    "0",
    "1"
  ],
  "svm": {
    "nrClass": 3,
    "l": 65,
    "supportVectors": [
      [
        [
          -0.28486925427642257,
          -3.9352008310033186,
          -1.0234881205011617
        ],
        [
          0.01,
          0.01
        ]
      ],
      [
        [
          0.4011401824569549,
          -0.03979556580833261,
          0.7991502186242683
        ],
        [
          0.01,
          0.01
        ]
      ],
      [
        [
          -0.7621778848132921,
          -1.1461180741466284,
          -0.7635276517076492
        ],
        [
          0.01,
          0.01
        ]
      ],
      [
        [
          -1.0769178243051787,
          0.693018455070458,
          -0.5921082869952982
        ],
        [
          0.01,
          0.01
        ]
      ],
      [
        [
          0.4011401824569549,
          -0.03979556580833261,
          0.7991502186242683
        ],
        [
          0.01,
          0.01
        ]
      ],
      [
        [
          -0.7621778848132921,
          -1.1461180741466284,
          -0.7635276517076492
        ],
        [
          0.01,
          0.01
        ]
      ],
      [
        [
          0.4011401824569549,
          -0.03979556580833261,
          0.7991502186242683
        ],
        [
          0.01,
          0.01
        ]
      ],
      [
        [
          0.4011401824569549,
          -0.03979556580833261,
          0.7991502186242683
        ],
        [
          0.01,
          0.01
        ]
      ],
      [
        [
          0.4011401824569549,
          -0.03979556580833261,
          0.7991502186242683
        ],
        [
          0.01,
          0.01
        ]
      ],
      [
        [
          0.4011401824569549,
          -0.03979556580833261,
          0.7991502186242683
        ],
        [
          0.01,
          0.01
        ]
      ],
      [
        [
          0.4011401824569549,
          -0.03979556580833261,
          0.7991502186242683
        ],
        [
          0.01,
          0.01
        ]
      ],
      [
        [
          0.4011401824569549,
          -0.03979556580833261,
          0.7991502186242683
        ],
        [
          0.01,
          0.01
        ]
      ],
      [
        [
          0.4011401824569549,
          -0.03979556580833261,
          0.7991502186242683
        ],
        [
          0.01,
          0.01
        ]
      ],
      [
        [
          -0.28486925427642257,
          -3.9352008310033186,
          -1.0234881205011617
        ],
        [
          0.01,
          0.01
        ]
      ],
      [
        [
          -1.0769178243051787,
          0.693018455070458,
          -0.5921082869952982
        ],
        [
          0.01,
          0.01
        ]
      ],
      [
        [
          0.4011401824569549,
          -0.03979556580833261,
          0.7991502186242683
        ],
        [
          0.01,
          0.01
        ]
      ],
      [
        [
          0.4011401824569549,
          -0.03979556580833261,
          0.7991502186242683
        ],
        [
          0.01,
          0.01
        ]
      ],
      [
        [
          -0.7621778848132921,
          -1.1461180741466284,
          -0.7635276517076492
        ],
        [
          -0.01,
          0
        ]
      ],
      [
        [
          -0.28486925427642257,
          -3.9352008310033186,
          -1.0234881205011617
        ],
        [
          -0.01,
          0.01
        ]
      ],
      [
        [
          -0.7621778848132921,
          -1.1461180741466284,
          -0.7635276517076492
        ],
        [
          -0.01,
          0
        ]
      ],
      [
        [
          -0.28486925427642257,
          -3.9352008310033186,
          -1.0234881205011617
        ],
        [
          -0.01,
          0.01
        ]
      ],
      [
        [
          0.4011401824569549,
          -0.03979556580833261,
          0.7991502186242683
        ],
        [
          0,
          0.01
        ]
      ],
      [
        [
          0.4011401824569549,
          -0.03979556580833261,
          0.7991502186242683
        ],
        [
          0,
          0.01
        ]
      ],
      [
        [
          0.4011401824569549,
          -0.03979556580833261,
          0.7991502186242683
        ],
        [
          0,
          0.01
        ]
      ],
      [
        [
          0.4011401824569549,
          -0.03979556580833261,
          0.7991502186242683
        ],
        [
          0,
          0.01
        ]
      ],
      [
        [
          0.4011401824569549,
          -0.03979556580833261,
          0.7991502186242683
        ],
        [
          -0.01,
          0.01
        ]
      ],
      [
        [
          0.4011401824569549,
          -0.03979556580833261,
          0.7991502186242683
        ],
        [
          -0.01,
          0.01
        ]
      ],
      [
        [
          0.4011401824569549,
          -0.03979556580833261,
          0.7991502186242683
        ],
        [
          -0.01,
          0.01
        ]
      ],
      [
        [
          0.4011401824569549,
          -0.03979556580833261,
          0.7991502186242683
        ],
        [
          -0.01,
          0.01
        ]
      ],
      [
        [
          0.4011401824569549,
          -0.03979556580833261,
          0.7991502186242683
        ],
        [
          -0.01,
          0.01
        ]
      ],
      [
        [
          -1.0769178243051787,
          0.693018455070458,
          -0.5921082869952982
        ],
        [
          0,
          0.01
        ]
      ],
      [
        [
          -1.0769178243051787,
          0.693018455070458,
          -0.5921082869952982
        ],
        [
          0,
          0.01
        ]
      ],
      [
        [
          0.4011401824569549,
          -0.03979556580833261,
          0.7991502186242683
        ],
        [
          -0.01,
          0.01
        ]
      ],
      [
        [
          0.4011401824569549,
          -0.03979556580833261,
          0.7991502186242683
        ],
        [
          -0.01,
          0.01
        ]
      ],
      [
        [
          0.4011401824569549,
          -0.03979556580833261,
          0.7991502186242683
        ],
        [
          -0.01,
          0.01
        ]
      ],
      [
        [
          -1.0769178243051787,
          0.693018455070458,
          -0.5921082869952982
        ],
        [
          0,
          0.01
        ]
      ],
      [
        [
          0.4011401824569549,
          -0.03979556580833261,
          0.7991502186242683
        ],
        [
          -0.01,
          0.01
        ]
      ],
      [
        [
          -1.0769178243051787,
          0.693018455070458,
          -0.5921082869952982
        ],
        [
          0,
          0.01
        ]
      ],
      [
        [
          -1.0769178243051787,
          0.693018455070458,
          -0.5921082869952982
        ],
        [
          -0.01,
          0.01
        ]
      ],
      [
        [
          0.4011401824569549,
          -0.03979556580833261,
          0.7991502186242683
        ],
        [
          -0.01,
          0.01
        ]
      ],
      [
        [
          -1.0769178243051787,
          0.693018455070458,
          -0.5921082869952982
        ],
        [
          -0.01,
          0.01
        ]
      ],
      [
        [
          0.4011401824569549,
          -0.03979556580833261,
          0.7991502186242683
        ],
        [
          -0.01,
          0.01
        ]
      ],
      [
        [
          0.4011401824569549,
          -0.03979556580833261,
          0.7991502186242683
        ],
        [
          -0.01,
          -0.01
        ]
      ],
      [
        [
          -0.28486925427642257,
          -3.9352008310033186,
          -1.0234881205011617
        ],
        [
          -0.01,
